queue_id,candidate_id,title,authors,year,venue,doi,url,topic,reason,requested_action,status,added_at
2bf68dc34123,9f134799bbdb,Use of LoRa for UAV Remote ID with Multi-User Interference and Different Spreading Factors,Omkar Mujumdar; Haluk Celebi; İsmail Güvenç; Mihail L. Sichitiu; Sunghyun Hwang; Kyu‐Min Kang,2021,,10.1109/vtc2021-spring51267.2021.9448804,https://openalex.org/W3170762244,remote_id_broadcast_capacity,No open PDF URL was found by the metadata search.,User should download legally if institutional or personal access is available.,pending,2026-05-28T03:32:05+00:00
dc767981b3a9,9ba3bad4e234,Experiments with a LoRaWAN-Based Remote ID System for Locating Unmanned Aerial Vehicles (UAVs),Ali Ghubaish; Tara Salman; Raj Jain,2019,Wireless Communications and Mobile Computing,10.1155/2019/9060121,https://openalex.org/W2981262669,remote_id_broadcast_capacity,Open PDF URL was found but automatic download failed: HTTP Error 403: Forbidden,User should download legally in a browser if access is available.,pending,2026-05-28T03:33:57+00:00
91ac6f01dc5f,3fa0c3615f9b,Reducing safe UAV separation distances with U2U communication and new Remote ID formats,Evgenii Vinogradov; Sofie Pollin,2022,2022 IEEE Globecom Workshops (GC Wkshps),10.1109/gcwkshps56602.2022.10008607,https://openalex.org/W4315777630,remote_id_broadcast_capacity,No open PDF URL was found by the metadata search.,User should download legally if institutional or personal access is available.,pending,2026-05-28T09:33:05+00:00
f84b7188272e,ce1c447e4bc5,A Survey and Categorization of Small Low-Cost Unmanned Aerial Vehicle System Identification,Nathan V. Hoffer; Calvin Coopmans; Austin M. Jensen; YangQuan Chen,2013,Journal of Intelligent & Robotic Systems,10.1007/s10846-013-9931-6,https://openalex.org/W1993861190,remote_id_broadcast_capacity,No open PDF URL was found by the metadata search.,User should download legally if institutional or personal access is available.,pending,2026-05-28T09:33:05+00:00
b5a7d85f441f,66b3465ba931,Drone Remote Identification Protocol (DRIP) Architecture,Stuart W. Card; Adam Wiethuechter; Robert Moskowitz; Andrei Gurtov,2023,,10.17487/rfc9434,https://openalex.org/W3013065645,remote_id_broadcast_capacity,No open PDF URL was found by the metadata search.,User should download legally if institutional or personal access is available.,pending,2026-05-28T09:33:07+00:00
13831c656307,dc37033c3d5d,Drone Remote Identification Protocol (DRIP) Requirements and Terminology,Adam Wiethuechter; Robert Moskowitz; Andrei Gurtov,2022,,10.17487/rfc9153,https://openalex.org/W4211066797,remote_id_broadcast_capacity,No open PDF URL was found by the metadata search.,User should download legally if institutional or personal access is available.,pending,2026-05-28T09:33:07+00:00
2527dc3f8844,efd96ad8adb4,Drone Remote Identification Protocol (DRIP) Requirements,Adam Wiethuechter; Stuart W. Card; Andrei Gurtov; Robert Moskowitz,2020,,,https://openalex.org/W3012690361,remote_id_broadcast_capacity,No open PDF URL was found by the metadata search.,User should download legally if institutional or personal access is available.,pending,2026-05-28T09:33:07+00:00
234b1ef025ca,c0b3d8a260bb,Formal Verification and Security Assessment of the Drone Remote Identification Protocol,Suleman Khan; Gurjot Singh Gaba; Felipe Boeira; Andrei Gurtov,2024,,10.1109/uvs59630.2024.10467159,https://openalex.org/W4392982001,remote_id_broadcast_capacity,No open PDF URL was found by the metadata search.,User should download legally if institutional or personal access is available.,pending,2026-05-28T09:33:07+00:00
1d3575667cfd,4ed08320e159,Survey on Worldwide Implementation of Remote Identification and Discussion on Drone Identification in China,Zihe He; Tian Wen Tan,2021,2021 IEEE 3rd International Conference on Civil Aviation Safety and Information Technology (ICCASIT),10.1109/iccasit53235.2021.9633559,https://openalex.org/W4200244287,remote_id_broadcast_capacity,No open PDF URL was found by the metadata search.,User should download legally if institutional or personal access is available.,pending,2026-05-28T09:33:07+00:00
2a95fbbdd287,c97908257d70,A Low-Power Remote Identification Module for Drones,Sondos Alshamsi; Mariam Yousif Alhashmi; Kais Belwafi; Abdulhadi Shoufan,2023,,10.1109/iscas46773.2023.10181592,https://openalex.org/W4385080164,remote_id_broadcast_capacity,No open PDF URL was found by the metadata search.,User should download legally if institutional or personal access is available.,pending,2026-05-28T09:33:07+00:00
5f3e35031811,a35f5684e433,Detect and Avoid (DAA) with Broadcast Remote ID (RID),Aashay S. Shah; Wentao Chen; Jun Ho; Samuel Jawhar; Tiantian Lu; Mengjie Xie; Pengfei Yan; Peter J. Burke,2026,IEEE Aerospace and Electronic Systems Magazine,10.1109/maes.2026.3668143,https://openalex.org/W7131452642,remote_id_broadcast_capacity,No open PDF URL was found by the metadata search.,User should download legally if institutional or personal access is available.,pending,2026-05-28T09:33:12+00:00
30606e465754,9d63921f2f1c,Low Altitude Situational Awareness Enhancement using Remote ID Broadcasted from small UAS,Daisuke Kubo; Atsushi Osedo; Ippei Yasui,2020,AIAA AVIATION 2020 FORUM,10.2514/6.2020-2867,https://openalex.org/W3034217503,remote_id_broadcast_capacity,No open PDF URL was found by the metadata search.,User should download legally if institutional or personal access is available.,pending,2026-05-28T09:33:12+00:00
ee683be2ea66,a411e95cfd8a,Trustworthy Device Identifiers For Unmanned Aircraft and Other Mobile Things,Robert Moskowitz; Stuart W. Card; Adam Wiethuechter; Suleman Khan; Andrei Gurtov,2024,,10.1109/uvs59630.2024.10467167,https://openalex.org/W4392981864,remote_id_broadcast_capacity,No open PDF URL was found by the metadata search.,User should download legally if institutional or personal access is available.,pending,2026-05-28T09:33:12+00:00
a64690179960,63c5510cd4ee,Real-Time UAV Trajectory Prediction for UTM Surveillance Using Machine Learning,Neno Ruseno; Chung-Yan Lin,2024,Unmanned Systems,10.1142/s230138502550030x,https://openalex.org/W4391815999,remote_id_broadcast_capacity,No open PDF URL was found by the metadata search.,User should download legally if institutional or personal access is available.,pending,2026-05-28T09:33:12+00:00
e7db135d411d,a1f56fd08608,Uncertainty Assessment for Towing Tank Tests With Example for Surface Combatant DTMB Model 5415,Joe Longo; Fred Stern,2005,Journal of Ship Research,10.5957/jsr.2005.49.1.55,https://openalex.org/W1528476916,dtmb_uav_control,No open PDF URL was found by the metadata search.,User should download legally if institutional or personal access is available.,pending,2026-05-29T09:58:12+00:00
ede942369bb8,1649f4ba9da3,"Towing tank PIV measurement system, data and uncertainty assessment for DTMB Model 5512",L. Gui; Joseph Longo; Frederick Stern,2001,Experiments in Fluids,10.1007/s003480100293,https://openalex.org/W2067447215,dtmb_uav_control,No open PDF URL was found by the metadata search.,User should download legally if institutional or personal access is available.,pending,2026-05-29T09:58:12+00:00
bdfb96876425,cb8ec93b2000,Key Technologies and Measurements for DTMB-A System,Jian Song; Chao Zhang; Kewu Peng; Jintao Wang; Changyong Pan; Fang Yang; Jun Wang; Hui Yang; Yonglin Xue; Yu Zhang; Zhixing Yang,2018,IEEE Transactions on Broadcasting,10.1109/tbc.2018.2835779,https://openalex.org/W2807545310,dtmb_uav_control,No open PDF URL was found by the metadata search.,User should download legally if institutional or personal access is available.,pending,2026-05-29T09:58:12+00:00
db3b42a8ffa1,c4b5d0e0098b,Numerical simulations of free roll decay of DTMB 5415,Metin Kemal Gökçe; Ömer Kemal Kınacı,2018,Ocean Engineering,10.1016/j.oceaneng.2017.12.067,https://openalex.org/W2781713412,dtmb_uav_control,No open PDF URL was found by the metadata search.,User should download legally if institutional or personal access is available.,pending,2026-05-29T09:58:12+00:00
0f13f2442b70,298980f7672b,Reconstruction of reference signal for DTMB-based passive radar systems,Wan Xianrong; Wang Junfang; Sheng Hong; Hui Tang,2011,,10.1109/cie-radar.2011.6159501,https://openalex.org/W2546624326,dtmb_uav_control,No open PDF URL was found by the metadata search.,User should download legally if institutional or personal access is available.,pending,2026-05-29T09:58:12+00:00
391b4b517ae8,af095c62c0ed,Field trial of advanced DTMB system DTMB-A in Hong Kong,Changyong Pan; Jintao Wang; Haidong Fang; Jian Song,2013,,10.1109/bmsb.2013.6621768,https://openalex.org/W2087898699,dtmb_uav_control,No open PDF URL was found by the metadata search.,User should download legally if institutional or personal access is available.,pending,2026-05-29T09:58:12+00:00
af97b16863a3,70b4e956f147,Cochannel Interference in DTMB-Based Passive Radar,Min Lü; Jianxin Yi; Xianrong Wan; Weijie Zhan,2018,IEEE Transactions on Aerospace and Electronic Systems,10.1109/taes.2018.2882959,https://openalex.org/W2901351940,dtmb_uav_control,No open PDF URL was found by the metadata search.,User should download legally if institutional or personal access is available.,pending,2026-05-29T09:58:12+00:00
cbf020fe9478,d75dbbabbaa1,THE DTMB PLANAR-MOTION-MECHANISM SYSTEM,Morton Gertler,1967,,10.21236/ad0659053,https://openalex.org/W287937163,dtmb_uav_control,No open PDF URL was found by the metadata search.,User should download legally if institutional or personal access is available.,pending,2026-05-29T09:58:12+00:00
e2832704f373,54ca91be6099,Robust Timing and Frequency Synchronization Scheme for DTMB System,Jianming Wu; Yun Chen; Xiaoyang Zeng; Hao Min,2007,IEEE Transactions on Consumer Electronics,10.1109/tce.2007.4429223,https://openalex.org/W2121320095,dtmb_uav_control,No open PDF URL was found by the metadata search.,User should download legally if institutional or personal access is available.,pending,2026-05-29T09:58:12+00:00
4660577bc8f8,5483fb7851fe,Using LTE Networks for UAV Command and Control Link: A Rural-Area Coverage Analysis,Huan Cong Nguyen; Rafhael Amorim; Jeroen Wigard; István Z. Kovács; Preben Mogensen,2017,,10.1109/vtcfall.2017.8287894,https://openalex.org/W2707416895,dtmb_uav_control,No open PDF URL was found by the metadata search.,User should download legally if institutional or personal access is available.,pending,2026-05-29T09:58:56+00:00
e684b3d0f3c5,f3a1ce49b949,Cooperative Path Following Control of USV-UAVs Considering Low Design Complexity and Command Transmission Requirements,Jiqiang Li; Guoqing Zhang; Wenjun Zhang; Qihe Shan; Weidong Zhang,2023,IEEE Transactions on Intelligent Vehicles,10.1109/tiv.2023.3317336,https://openalex.org/W4386869627,dtmb_uav_control,No open PDF URL was found by the metadata search.,User should download legally if institutional or personal access is available.,pending,2026-05-29T09:58:56+00:00
8478bb58e769,ec58231d10ef,Towards enabling reliable immersive teleoperation through Digital Twin: A UAV command and control use case,Nassim Sehad; Xinyi Tu; Akash Rajasekaran; Hamed Hellaoui; Riku Jäntti; Mérouane Debbah,2023,,10.1109/globecom54140.2023.10437527,https://openalex.org/W4392175325,dtmb_uav_control,No open PDF URL was found by the metadata search.,User should download legally if institutional or personal access is available.,pending,2026-05-29T09:58:56+00:00
53c949a0a11c,58544a9ad557,Antisaturation Command Filtered Backstepping Control-Based Disturbance Rejection for a Quadarotor UAV,Kang Liu; Rujing Wang,2021,IEEE Transactions on Circuits & Systems II Express Briefs,10.1109/tcsii.2021.3069967,https://openalex.org/W3151277277,dtmb_uav_control,No open PDF URL was found by the metadata search.,User should download legally if institutional or personal access is available.,pending,2026-05-29T09:58:56+00:00
e03c8fdf80e1,558c9457dbb3,Command filter-based adaptive fuzzy integral backstepping control for quadrotor UAV with input saturation,Wenqian Liu; Xianghong Cheng; Jingjing Zhang,2022,Journal of the Franklin Institute,10.1016/j.jfranklin.2022.10.042,https://openalex.org/W4307995266,dtmb_uav_control,No open PDF URL was found by the metadata search.,User should download legally if institutional or personal access is available.,pending,2026-05-29T09:58:56+00:00
183aa54ceadc,628b3affdf1a,Broadcast Control Channel Jamming: Resilience and Identification of Traitors,Agnes Chan; Xin Liu; Guevara Noubir; Bishal Thapa,2007,,10.1109/isit.2007.4557594,https://openalex.org/W2061022265,dtmb_uav_control,No open PDF URL was found by the metadata search.,User should download legally if institutional or personal access is available.,pending,2026-05-29T09:59:14+00:00
1e75ab9dad1c,ec3dd5e18b1c,Decentralized dynamic control of a multiaccess broadcast channel,Bruce Hajek; T. van Loon,1982,IEEE Transactions on Automatic Control,10.1109/tac.1982.1102978,https://openalex.org/W2050140857,dtmb_uav_control,No open PDF URL was found by the metadata search.,User should download legally if institutional or personal access is available.,pending,2026-05-29T09:59:14+00:00
78abcf6afdd5,98fb90992359,Packet Switching in a Multiaccess Broadcast Channel: Dynamic Control Procedures,Simon S. Lam; Leonard Kleinrock,1975,IRE Transactions on Communications Systems,10.1109/tcom.1975.1092917,https://openalex.org/W2017617691,dtmb_uav_control,No open PDF URL was found by the metadata search.,User should download legally if institutional or personal access is available.,pending,2026-05-29T09:59:14+00:00
4cf3d60ebea0,f3251abf5a77,Joint Beamforming and Power Control for Multiantenna Relay Broadcast Channel With QoS Constraints,Rui Zhang; Chin Choy Chai; Ying‐Chang Liang,2008,IEEE Transactions on Signal Processing,10.1109/tsp.2008.2008254,https://openalex.org/W2167282237,dtmb_uav_control,No open PDF URL was found by the metadata search.,User should download legally if institutional or personal access is available.,pending,2026-05-29T09:59:14+00:00
c32d432773bc,829cb6060dce,Congestion Control Based on Channel Occupancy in Vehicular Broadcast Networks,Yaser P. Fallah; Ching-Ling Huang; Raja Sengupta; Hariharan Krishnan,2010,,10.1109/vetecf.2010.5594504,https://openalex.org/W2015380071,dtmb_uav_control,No open PDF URL was found by the metadata search.,User should download legally if institutional or personal access is available.,pending,2026-05-29T09:59:14+00:00
6ea1ffa465aa,618c685db28c,Autonomous inter base station synchronisation via a common broadcast control channel,Xavier Lagrange; Philippe Godlewski,2002,,10.1109/vetec.1994.345252,https://openalex.org/W2111759940,dtmb_uav_control,No open PDF URL was found by the metadata search.,User should download legally if institutional or personal access is available.,pending,2026-05-29T09:59:14+00:00
1e4d61f3f388,98eae0f99c2d,Decentralized control of a multiple access broadcast channel: performance bounds,James M. Ooi; Gregory W. Wornell,2002,,10.1109/cdc.1996.574318,https://openalex.org/W2162635261,dtmb_uav_control,No open PDF URL was found by the metadata search.,User should download legally if institutional or personal access is available.,pending,2026-05-29T09:59:14+00:00
871914d8ac5b,ee518ec98fe2,A distributed broadcast protocol in multi-hop cognitive radio ad hoc networks without a common control channel,Yi Song; Jiang Xie,2012,,10.1109/infcom.2012.6195614,https://openalex.org/W2066901849,dtmb_uav_control,No open PDF URL was found by the metadata search.,User should download legally if institutional or personal access is available.,pending,2026-05-29T09:59:14+00:00
d266b8c8529a,4b241ca0aacf,Planning of the GSM network broadcast control channel with data fusion,Serdar Biroğul; Çetin Elmas; Aydın Çetin,2010,Expert Systems with Applications,10.1016/j.eswa.2010.08.031,https://openalex.org/W2072320505,dtmb_uav_control,No open PDF URL was found by the metadata search.,User should download legally if institutional or personal access is available.,pending,2026-05-29T09:59:14+00:00
e833aa3e2c83,4fabecd3f1d2,A Novel Control Approach for Flight-Stability of Fixed-Wing UAV Formation With Wind Field,Jialong Zhang; Jianguo Yan,2020,IEEE Systems Journal,10.1109/jsyst.2020.3002809,https://openalex.org/W3040453693,formation_safety_boundary,No open PDF URL was found by the metadata search.,User should download legally if institutional or personal access is available.,pending,2026-05-29T09:59:30+00:00
a54f04884127,1deb78b54ebf,Time-Varying Formation Tracking for Second-Order Multi-Agent Systems Subjected to Switching Topologies With Application to Quadrotor Formation Flying,Xiwang Dong; Yan Zhou; Zhang Ren; Yisheng Zhong,2016,IEEE Transactions on Industrial Electronics,10.1109/tie.2016.2593656,https://openalex.org/W2499597001,formation_safety_boundary,No open PDF URL was found by the metadata search.,User should download legally if institutional or personal access is available.,pending,2026-05-29T09:59:30+00:00
47da5aed0ef1,9054fa9e4101,An Improved Artificial Potential Field Method for Path Planning and Formation Control of the Multi-UAV Systems,Zhenhua Pan; Chengxi Zhang; Yuanqing Xia; Hao Xiong; Xiaodong Shao,2021,IEEE Transactions on Circuits & Systems II Express Briefs,10.1109/tcsii.2021.3112787,https://openalex.org/W3200237136,formation_safety_boundary,No open PDF URL was found by the metadata search.,User should download legally if institutional or personal access is available.,pending,2026-05-29T09:59:30+00:00
826c34ce7bb3,1526888d06b0,Multi-UAV Formation Control Based on a Novel Back-Stepping Approach,Jialong Zhang; Jianguo Yan; Pu Zhang,2020,IEEE Transactions on Vehicular Technology,10.1109/tvt.2020.2964847,https://openalex.org/W2999934039,formation_safety_boundary,No open PDF URL was found by the metadata search.,User should download legally if institutional or personal access is available.,pending,2026-05-29T09:59:30+00:00
efa3667d827f,40b0ce580e8f,A Synergistic Fractional-Order Control for Precise Helical Trajectory Tracking and Formation Stability in Multi-Agent Quadrotor UAVs,Ghulam E Mustafa Abro; Ayman M. Abdallah,2024,Arabian Journal for Science and Engineering,10.1007/s13369-024-09849-y,https://openalex.org/W4405183950,formation_safety_boundary,No open PDF URL was found by the metadata search.,User should download legally if institutional or personal access is available.,pending,2026-05-29T09:59:30+00:00
4d8203b1d5d3,e73185a2ab79,Stability and control of the UAV formations flight,Teodor-Viorel Chelaru; Valentin Pană,2010,WSEAS Transactions on Systems and Control archive,,https://openalex.org/W2506953663,formation_safety_boundary,No open PDF URL was found by the metadata search.,User should download legally if institutional or personal access is available.,pending,2026-05-29T09:59:30+00:00
fa96f3167d23,082fddc7b9ce,Formation control of VTOL Unmanned Aerial Vehicles with communication delays,Abdelkader Abdessameud; Abdelhamid Tayebi,2011,Automatica,10.1016/j.automatica.2011.08.042,https://openalex.org/W2093848766,formation_safety_boundary,No open PDF URL was found by the metadata search.,User should download legally if institutional or personal access is available.,pending,2026-05-29T09:59:30+00:00
1233702b5f99,392774242d98,Formation Fight Control of Multi-UAVs with Communication Delay,Chengshun Yang,2012,Information and Computation,,https://openalex.org/W2366693151,formation_safety_boundary,No open PDF URL was found by the metadata search.,User should download legally if institutional or personal access is available.,pending,2026-05-29T09:59:38+00:00
d67bd9411953,eb77edd0d4b6,Time-Varying Formation Tracking Control for Multi-UAV Systems with Directed Graph and Communication Delays,Zhenwei Ma; Juntong Qi; Mingming Wang; Chong Wu; Jinjin Guo; Songbo Yuan,2021,,10.23919/ccc52363.2021.9550495,https://openalex.org/W3201793891,formation_safety_boundary,No open PDF URL was found by the metadata search.,User should download legally if institutional or personal access is available.,pending,2026-05-29T09:59:38+00:00
c14dd3b6c195,d698d0712d81,Research on Cooperative Formation Flight Control of Multi-UAV with Communication Time Delay,Peibei Ma; Jun Ji; Jiangbo Sui; Ming Lei,2021,,10.1109/cseps53726.2021.00017,https://openalex.org/W3196194613,formation_safety_boundary,No open PDF URL was found by the metadata search.,User should download legally if institutional or personal access is available.,pending,2026-05-29T09:59:38+00:00
47ca7093b688,3a2593206754,Time-Varying Formation Tracking Control for Multi-UAV Systems with Communication Delays and Switching Topologies,Zhengjun Liu; Mingming Wang; Juntong Qi; Chong Wu; Zhenwei Ma,2022,2022 41st Chinese Control Conference (CCC),10.23919/ccc55666.2022.9902798,https://openalex.org/W4312227848,formation_safety_boundary,No open PDF URL was found by the metadata search.,User should download legally if institutional or personal access is available.,pending,2026-05-29T09:59:38+00:00
0bb77a02eef9,2a0a45c2660c,Event-Triggered formation control for time-delayed discrete-Time multi-Agent system applied to multi-UAV formation flying,Ziwei Yan; Liang Han; Xiaoduo Li; Xiwang Dong; Qingdong Li; Zhang Ren,2023,Journal of the Franklin Institute,10.1016/j.jfranklin.2023.01.036,https://openalex.org/W4319442765,formation_safety_boundary,No open PDF URL was found by the metadata search.,User should download legally if institutional or personal access is available.,pending,2026-05-29T09:59:38+00:00
6e9ff4c904d6,4f9f25c3ffb1,Time‐varying formation of second‐order discrete‐time multi‐agent systems under non‐uniform communication delays and switching topology with application to UAV formation flying,Jianhua Wang; Liang Han; Xiaoduo Li; Xiwang Dong; Qingdong Li; Zhang Ren,2020,IET Control Theory and Applications,10.1049/iet-cta.2020.0183,https://openalex.org/W3035925006,formation_safety_boundary,No open PDF URL was found by the metadata search.,User should download legally if institutional or personal access is available.,pending,2026-05-29T09:59:38+00:00
f4552822b33b,7b62bed395bf,Remote ID-Based UAV Supervision System,Zhaohui Yang; Zhiqiang Wu; Shichao Xu,2025,2025 5th International Conference on Intelligent Communications and Computing (ICICC),10.1109/icicc66840.2025.11199528,https://doi.org/10.1109/icicc66840.2025.11199528,remote_id_broadcast_capacity,No open PDF URL was found by the metadata search.,User should download legally if institutional or personal access is available.,pending,2026-05-29T10:02:50+00:00
a9ed7309ab96,2f12625a633c,Reducing safe UAV separation distances with U2U communication and new Remote ID formats,Evgenii Vinogradov; Sofie Pollin,2022,2022 IEEE Globecom Workshops (GC Wkshps),10.1109/gcwkshps56602.2022.10008607,https://doi.org/10.1109/gcwkshps56602.2022.10008607,remote_id_broadcast_capacity,No open PDF URL was found by the metadata search.,User should download legally if institutional or personal access is available.,pending,2026-05-29T10:02:50+00:00
92c54b771adf,75146e000e48,Specification for Remote ID and Tracking,,,,10.1520/f3411-22,https://doi.org/10.1520/f3411-22,remote_id_broadcast_capacity,No open PDF URL was found by the metadata search.,User should download legally if institutional or personal access is available.,pending,2026-05-29T10:02:50+00:00
bfb2941d3f97,8bbafe6fa93c,Specification for Remote ID and Tracking,,,,10.1520/f3411-22a,https://doi.org/10.1520/f3411-22a,remote_id_broadcast_capacity,No open PDF URL was found by the metadata search.,User should download legally if institutional or personal access is available.,pending,2026-05-29T10:02:50+00:00
143771223aff,c676852d6fec,Drone Remote Identification Protocol (DRIP) Requirements and Terminology,A. Wiethuechter; R. Moskowitz; A. Gurtov,2022,,10.17487/rfc9153,https://doi.org/10.17487/rfc9153,remote_id_broadcast_capacity,No open PDF URL was found by the metadata search.,User should download legally if institutional or personal access is available.,pending,2026-05-29T10:02:53+00:00
03284045cc98,732b7b697b13,Drone Remote Identification Protocol (DRIP) Architecture,S. Card; A. Wiethuechter; R. Moskowitz; A. Gurtov,2023,,10.17487/rfc9434,https://doi.org/10.17487/rfc9434,remote_id_broadcast_capacity,No open PDF URL was found by the metadata search.,User should download legally if institutional or personal access is available.,pending,2026-05-29T10:02:53+00:00
5ec522f8d5ed,d050baaa7f2a,Thinking Ethically about Drone Violence,Christian Enemark,2021,Ethics of Drone Strikes,10.3366/edinburgh/9781474483575.003.0001,https://doi.org/10.3366/edinburgh/9781474483575.003.0001,remote_id_broadcast_capacity,No open PDF URL was found by the metadata search.,User should download legally if institutional or personal access is available.,pending,2026-05-29T10:02:53+00:00
f8a89d942471,fa3fd28df184,The drone of data,,2021,Drone imaginaries,10.7765/9781526145949.00009,https://doi.org/10.7765/9781526145949.00009,remote_id_broadcast_capacity,No open PDF URL was found by the metadata search.,User should download legally if institutional or personal access is available.,pending,2026-05-29T10:02:53+00:00
29a8a0662940,92157ec1e4ed,Remote Killing and the Ethics of Drone Warfare,,,Analyzing the Drone Debates,10.1057/9781137381576.0007,https://doi.org/10.1057/9781137381576.0007,remote_id_broadcast_capacity,No open PDF URL was found by the metadata search.,User should download legally if institutional or personal access is available.,pending,2026-05-29T10:02:53+00:00
8787c8ea65f0,cc79e3081457,Survey on Worldwide Implementation of Remote Identification and Discussion on Drone Identification in China,Zihe He; Tian Tan,2021,2021 IEEE 3rd International Conference on Civil Aviation Safety and Information Technology (ICCASIT),10.1109/iccasit53235.2021.9633559,https://doi.org/10.1109/iccasit53235.2021.9633559,remote_id_broadcast_capacity,No open PDF URL was found by the metadata search.,User should download legally if institutional or personal access is available.,pending,2026-05-29T10:02:53+00:00
481966098616,cced30219249,Ethics for Drone Operators: Rules versus Virtues,Peter Olsthoorn,2021,Ethics of Drone Strikes,10.3366/edinburgh/9781474483575.003.0007,https://doi.org/10.3366/edinburgh/9781474483575.003.0007,remote_id_broadcast_capacity,No open PDF URL was found by the metadata search.,User should download legally if institutional or personal access is available.,pending,2026-05-29T10:02:53+00:00
89c34a8b0be1,f6d306ed6d04,Navigating the skies: examining the FAA’s remote identification rule for unmanned aircraft systems,Abhishek Phadke; Josh Boyd; F. Antonio Medrano; Michael Starek,2023,Drone Systems and Applications,10.1139/dsa-2023-0029,https://doi.org/10.1139/dsa-2023-0029,remote_id_broadcast_capacity,No open PDF URL was found by the metadata search.,User should download legally if institutional or personal access is available.,pending,2026-05-29T10:02:53+00:00
0c644775a4f4,c929935c0a0c,Ethics of Drone Strikes,,2021,,10.3366/edinburgh/9781474483575.001.0001,https://doi.org/10.3366/edinburgh/9781474483575.001.0001,remote_id_broadcast_capacity,No open PDF URL was found by the metadata search.,User should download legally if institutional or personal access is available.,pending,2026-05-29T10:02:53+00:00
2caca7ad3b68,9709bfe2b81b,The gender politics of the drone,,2021,Drone imaginaries,10.7765/9781526145949.00013,https://doi.org/10.7765/9781526145949.00013,remote_id_broadcast_capacity,No open PDF URL was found by the metadata search.,User should download legally if institutional or personal access is available.,pending,2026-05-29T10:02:53+00:00
e7189a648e3c,8e075374f3ae,Detect and Avoid (DAA) with Broadcast Remote ID (RID),Aashay S. Shah; Wentao Chen; Jason Ho; Samuel Jawhar; Tiantian Lu; Mengjie Xie; Pengfei Yan; Peter J. Burke,2026,IEEE Aerospace and Electronic Systems Magazine,10.1109/maes.2026.3668143,https://doi.org/10.1109/maes.2026.3668143,remote_id_broadcast_capacity,No open PDF URL was found by the metadata search.,User should download legally if institutional or personal access is available.,pending,2026-05-29T10:02:58+00:00
197973553504,69d666fddd42,Detect and Avoid (DAA) with Broadcast Remote ID (RID),Aashay S Shah; Wentao Chen; Jason Ho; Samuel Jawhar; Tiantian Lu; Mengjie Xie; Pengfei Yan; Peter Burke,,,10.36227/techrxiv.173933110.04433959/v1,https://doi.org/10.36227/techrxiv.173933110.04433959/v1,remote_id_broadcast_capacity,No open PDF URL was found by the metadata search.,User should download legally if institutional or personal access is available.,pending,2026-05-29T10:02:58+00:00
5e3ca520d186,771c47a7df8c,Comments on an Efficient ID-Based Broadcast Encryption Scheme,Hung-Yu Chien,2007,IEEE Transactions on Broadcasting,10.1109/tbc.2007.908331,https://doi.org/10.1109/tbc.2007.908331,remote_id_broadcast_capacity,No open PDF URL was found by the metadata search.,User should download legally if institutional or personal access is available.,pending,2026-05-29T10:02:58+00:00
7f01b5686717,7a5a7ddcd2c4,An ID-Based Broadcast Encryption Scheme for Key Distribution,X. Du; Y. Wang; J. Ge; Y. Wang,2005,IEEE Transactions on Broadcasting,10.1109/tbc.2005.847600,https://doi.org/10.1109/tbc.2005.847600,remote_id_broadcast_capacity,No open PDF URL was found by the metadata search.,User should download legally if institutional or personal access is available.,pending,2026-05-29T10:02:58+00:00
ffeca44b99c7,ad305b6bdd4a,Remote control,,2001,Studio and Outside Broadcast Camerawork,10.4324/9780080518084-86,https://doi.org/10.4324/9780080518084-86,remote_id_broadcast_capacity,No open PDF URL was found by the metadata search.,User should download legally if institutional or personal access is available.,pending,2026-05-29T10:02:58+00:00
560addd31763,05eda2667546,Broadcast-based multiparty remote state preparation protocol,Huantong GENG; Tingting JIA; Wenjie LIU,2013,Journal of Computer Applications,10.3724/sp.j.1087.2013.03385,https://doi.org/10.3724/sp.j.1087.2013.03385,remote_id_broadcast_capacity,No open PDF URL was found by the metadata search.,User should download legally if institutional or personal access is available.,pending,2026-05-29T10:02:58+00:00
2245b79f9984,12ad32653253,Routing Switcher Type-Specific Messages for Remote Control of Broadcast Equipment,,,,10.5594/smpte.rp191-1996,https://doi.org/10.5594/smpte.rp191-1996,remote_id_broadcast_capacity,No open PDF URL was found by the metadata search.,User should download legally if institutional or personal access is available.,pending,2026-05-29T10:02:58+00:00
94cf6cdd2670,6530e6b65a2f,Where Next?,,2002,Broadcast Television Effects in A Remote Community,10.4324/9781410604002-13,https://doi.org/10.4324/9781410604002-13,remote_id_broadcast_capacity,No open PDF URL was found by the metadata search.,User should download legally if institutional or personal access is available.,pending,2026-05-29T10:02:58+00:00
08dbdaf0b54a,0110fb0ad23c,Aerospace series. Unmanned Aircraft Systems,,,,10.3403/30428784,https://doi.org/10.3403/30428784,remote_id_broadcast_capacity,No open PDF URL was found by the metadata search.,User should download legally if institutional or personal access is available.,pending,2026-05-29T10:03:03+00:00
8ea3c3ee5c55,5dc6a7b773d3,Aerospace series. Unmanned Aircraft Systems,,,,10.3403/30428784u,https://doi.org/10.3403/30428784u,remote_id_broadcast_capacity,No open PDF URL was found by the metadata search.,User should download legally if institutional or personal access is available.,pending,2026-05-29T10:03:03+00:00
a0951c517833,14fa2b492990,Remote Direct Memory Access Transport for Remote Procedure Call,T. Talpey; B. Callaghan,2010,,10.17487/rfc5666,https://doi.org/10.17487/rfc5666,remote_id_broadcast_capacity,No open PDF URL was found by the metadata search.,User should download legally if institutional or personal access is available.,pending,2026-05-29T10:03:03+00:00
ce542ab1390d,d04301c065ca,UAS Traffic Management (UTM),,,,10.3403/30431590,https://doi.org/10.3403/30431590,remote_id_broadcast_capacity,No open PDF URL was found by the metadata search.,User should download legally if institutional or personal access is available.,pending,2026-05-29T10:03:03+00:00
f099413c142e,ee32d5a6d232,UAS Traffic Management (UTM),,,,10.3403/30431590u,https://doi.org/10.3403/30431590u,remote_id_broadcast_capacity,No open PDF URL was found by the metadata search.,User should download legally if institutional or personal access is available.,pending,2026-05-29T10:03:03+00:00
e080727ebd91,625fae352640,Direct Data Placement Protocol (DDP) / Remote Direct Memory Access Protocol (RDMAP) Security,J. Pinkerton; E. Deleganes,2007,,10.17487/rfc5042,https://doi.org/10.17487/rfc5042,remote_id_broadcast_capacity,No open PDF URL was found by the metadata search.,User should download legally if institutional or personal access is available.,pending,2026-05-29T10:03:03+00:00
81b83bc55434,c17136088d0f,,,,,10.1117/12.2529379.6084152934001,https://doi.org/10.1117/12.2529379.6084152934001,remote_id_broadcast_capacity,No open PDF URL was found by the metadata search.,User should download legally if institutional or personal access is available.,pending,2026-05-29T10:03:03+00:00
1610071e42a2,ec919bce7b44,"EXPERIMENTAL INVESTIGATION OF NEAR-SURFACE HYDRODYNAMIC FORCE COEFFICIENTS FOR A SYSTEMATIC SERIES OF TEE HYDROFOILS, DTMB SERIES HF-1,",Jerome Feldman,1963,,10.21236/ad0432263,https://doi.org/10.21236/ad0432263,dtmb_uav_control,No open PDF URL was found by the metadata search.,User should download legally if institutional or personal access is available.,pending,2026-05-29T10:03:08+00:00
b06522561f15,9e2272166789,Comparison of ITTC-78 and DTMB Standard Ship Performance Prediction Methods,Kenneth M. Forgach,2001,,10.21236/ada388040,https://doi.org/10.21236/ada388040,dtmb_uav_control,No open PDF URL was found by the metadata search.,User should download legally if institutional or personal access is available.,pending,2026-05-29T10:03:08+00:00
f1830722ed61,849032a7cedc,Technical Review on DTMB-Advanced (DTMB-A) Standard,Jian Song; Chao Zhang,2016,2016 International Conference on Engineering and Telecommunication (EnT),10.1109/ent.2016.036,https://doi.org/10.1109/ent.2016.036,dtmb_uav_control,No open PDF URL was found by the metadata search.,User should download legally if institutional or personal access is available.,pending,2026-05-29T10:03:08+00:00
ca2f4c36ca0d,36fd54f6de25,Digital terrestrial television receivers for the DTMB system,,,,10.3403/30271423,https://doi.org/10.3403/30271423,dtmb_uav_control,No open PDF URL was found by the metadata search.,User should download legally if institutional or personal access is available.,pending,2026-05-29T10:03:08+00:00
a48b57e4ccaa,0650acee65df,Field trial of advanced DTMB system DTMB-A in Hong Kong,Changyong Pan; Jintao Wang; Haidong Fang; Jian Song,2013,2013 IEEE International Symposium on Broadband Multimedia Systems and Broadcasting (BMSB),10.1109/bmsb.2013.6621768,https://doi.org/10.1109/bmsb.2013.6621768,dtmb_uav_control,No open PDF URL was found by the metadata search.,User should download legally if institutional or personal access is available.,pending,2026-05-29T10:03:08+00:00
c7faa1ab2b42,9628a576f69d,PROPELLER VORTEX CAVITATION INCEPTION STUDIES,John M. Coon,1963,,10.21236/ad0404864,https://doi.org/10.21236/ad0404864,dtmb_uav_control,No open PDF URL was found by the metadata search.,User should download legally if institutional or personal access is available.,pending,2026-05-29T10:03:08+00:00
355867c96355,952d7d158141,Digital terrestrial television receivers for the DTMB system,,,,10.3403/30271423u,https://doi.org/10.3403/30271423u,dtmb_uav_control,No open PDF URL was found by the metadata search.,User should download legally if institutional or personal access is available.,pending,2026-05-29T10:03:08+00:00
be81d71726d1,e1520ebf4cf3,THEORETICAL CONSIDERATIONS ON SHROUDED PROPELLERS,H. W. LERBS,1953,,10.21236/ad0015448,https://doi.org/10.21236/ad0015448,dtmb_uav_control,No open PDF URL was found by the metadata search.,User should download legally if institutional or personal access is available.,pending,2026-05-29T10:03:08+00:00
ee81a04a9652,b0daff0dab41,BLAST TRANSMISSION INTO CHAMBERS,GEORGE CHERTOCK,1961,,10.21236/ad0270513,https://doi.org/10.21236/ad0270513,dtmb_uav_control,No open PDF URL was found by the metadata search.,User should download legally if institutional or personal access is available.,pending,2026-05-29T10:03:08+00:00
e9943bf9cb07,9baef78bf965,POWERING PERFORMANCE OF A VENTILATED PROPELLER,RICHARD HECKER,1961,,10.21236/ad0259919,https://doi.org/10.21236/ad0259919,dtmb_uav_control,No open PDF URL was found by the metadata search.,User should download legally if institutional or personal access is available.,pending,2026-05-29T10:03:08+00:00
34a6feb55fde,35dc2e2e4da6,Digital terrestrial television multimedia broadcasting (DTMB),,2009,Digital Television Systems,10.1017/cbo9780511609732.011,https://doi.org/10.1017/cbo9780511609732.011,dtmb_uav_control,No open PDF URL was found by the metadata search.,User should download legally if institutional or personal access is available.,pending,2026-05-29T10:03:12+00:00
9f9add6de224,f55427cb51b3,Nonlinear UAV Flight Control Using Command Filtered Backstepping,Brian M. Borra,,,10.15368/theses.2012.29,https://doi.org/10.15368/theses.2012.29,dtmb_uav_control,No open PDF URL was found by the metadata search.,User should download legally if institutional or personal access is available.,pending,2026-05-29T10:03:17+00:00
8412705b9fe0,7a8c7bfee832,,Joseph Barnard,,,10.1049/iet-tv.51.1192,https://doi.org/10.1049/iet-tv.51.1192,dtmb_uav_control,No open PDF URL was found by the metadata search.,User should download legally if institutional or personal access is available.,pending,2026-05-29T10:03:17+00:00
ad885d67b7c6,bb6e8bd54da3,Augmented Cognition in Command and Control (C2),Dennis McBride,2002,1st UAV Conference,10.2514/6.2002-3506,https://doi.org/10.2514/6.2002-3506,dtmb_uav_control,No open PDF URL was found by the metadata search.,User should download legally if institutional or personal access is available.,pending,2026-05-29T10:03:17+00:00
08ad76b8899f,53b3875073e6,An event driven decision support algorithm for command and control of UAV fleets,Oktay Arslan; Gokhan Inalhan,2009,2009 American Control Conference,10.1109/acc.2009.5160336,https://doi.org/10.1109/acc.2009.5160336,dtmb_uav_control,No open PDF URL was found by the metadata search.,User should download legally if institutional or personal access is available.,pending,2026-05-29T10:03:17+00:00
231e9bd28cae,6a7db2bc7d29,Civil UAV command and control link safety element analysis,Li Li,2024,"International Workshop on Automation, Control, and Communication Engineering (IWACCE 2024)",10.1117/12.3052567,https://doi.org/10.1117/12.3052567,dtmb_uav_control,No open PDF URL was found by the metadata search.,User should download legally if institutional or personal access is available.,pending,2026-05-29T10:03:17+00:00
d8818452d26b,3db80d79509e,Using Command &amp;amp; Control for Coordinating UAV Fleets for Missions With Changing Contexts,Moussa Amrani; Abdelkader Ouared,,,10.21203/rs.3.rs-7869728/v1,https://doi.org/10.21203/rs.3.rs-7869728/v1,dtmb_uav_control,No open PDF URL was found by the metadata search.,User should download legally if institutional or personal access is available.,pending,2026-05-29T10:03:17+00:00
ed16bad0a201,c1858c56b0ed,"Networked UAV Command, Control and Communication",Jack Elston; Eric Frew; Brian Argrow,2006,"AIAA Guidance, Navigation, and Control Conference and Exhibit",10.2514/6.2006-6465,https://doi.org/10.2514/6.2006-6465,dtmb_uav_control,No open PDF URL was found by the metadata search.,User should download legally if institutional or personal access is available.,pending,2026-05-29T10:03:17+00:00
6f8731e8c676,3b1005bab2d2,VOICE CONTROL COMMAND RECOGNITION SYSTEM OF UAV BASED ON STEGANOGRAPHIC-CEPSTRAL ANALYSIS,O. Yu. Lavrynenko; Y. A. Kocherhin; G. F. Konakhovych,2018,Electronics and Control Systems,10.18372/1990-5548.56.12928,https://doi.org/10.18372/1990-5548.56.12928,dtmb_uav_control,No open PDF URL was found by the metadata search.,User should download legally if institutional or personal access is available.,pending,2026-05-29T10:03:17+00:00
e3c1c3859ba8,7a1d1581a912,Autonomous Command and Control System for UAV Formation,Ajay Verma; Chang-Nien Wu; Vincent Castelli,2003,AIAA Atmospheric Flight Mechanics Conference and Exhibit,10.2514/6.2003-5704,https://doi.org/10.2514/6.2003-5704,dtmb_uav_control,No open PDF URL was found by the metadata search.,User should download legally if institutional or personal access is available.,pending,2026-05-29T10:03:17+00:00
7bc48715c7c3,024b8aff1ca6,Finite-Time Sliding Mode Control for Command Tracking of an UAV,Kumar Gaurav; Dipak Kumar Giri,2022,IFAC-PapersOnLine,10.1016/j.ifacol.2022.04.018,https://doi.org/10.1016/j.ifacol.2022.04.018,dtmb_uav_control,No open PDF URL was found by the metadata search.,User should download legally if institutional or personal access is available.,pending,2026-05-29T10:03:17+00:00
29b14ffae404,9900abf55ae4,Completion time in broadcast channel and interference channel,Yuanpeng Liu; Elza Erkip,2011,"2011 49th Annual Allerton Conference on Communication, Control, and Computing (Allerton)",10.1109/allerton.2011.6120372,https://doi.org/10.1109/allerton.2011.6120372,dtmb_uav_control,No open PDF URL was found by the metadata search.,User should download legally if institutional or personal access is available.,pending,2026-05-29T10:03:21+00:00
1e3d2d59366f,6271a7ba6163,Channel Operations Gaining Control Over Images Through the Channels Palette,,2005,Broadcast Graphics On the Spot,10.4324/9780080494128-8,https://doi.org/10.4324/9780080494128-8,dtmb_uav_control,No open PDF URL was found by the metadata search.,User should download legally if institutional or personal access is available.,pending,2026-05-29T10:03:21+00:00
33d7df13dc33,5c045bf5445e,Decentralized control of a multiple access broadcast channel: performance bounds,J.M. Ooi; G.W. Wornell,,Proceedings of 35th IEEE Conference on Decision and Control,10.1109/cdc.1996.574318,https://doi.org/10.1109/cdc.1996.574318,dtmb_uav_control,No open PDF URL was found by the metadata search.,User should download legally if institutional or personal access is available.,pending,2026-05-29T10:03:21+00:00
5af99e6cfc7a,5270997791a2,Control and Improvement of the Broadcast Channel,Tri An Banh; E. Gelenbe,1977,Modelle für Rechensysteme,10.1007/978-3-642-45499-8_18,https://doi.org/10.1007/978-3-642-45499-8_18,dtmb_uav_control,No open PDF URL was found by the metadata search.,User should download legally if institutional or personal access is available.,pending,2026-05-29T10:03:21+00:00
50fff7c367f8,a67759712bb3,Reduction of Co-Channel Television Interference By Precise Frequency Control of Television Picture Carriers,W. L. Behrend,1957,IRE Transactions on Broadcast Transmission Systems,10.1109/tpgbts.1957.4505207,https://doi.org/10.1109/tpgbts.1957.4505207,dtmb_uav_control,No open PDF URL was found by the metadata search.,User should download legally if institutional or personal access is available.,pending,2026-05-29T10:03:21+00:00
5db5f30c0aef,6d933e47c730,Autonomous inter base station synchronisation via a common broadcast control channel,X. Lagrange; P. Godlewski,,Proceedings of IEEE Vehicular Technology Conference (VTC),10.1109/vetec.1994.345252,https://doi.org/10.1109/vetec.1994.345252,dtmb_uav_control,No open PDF URL was found by the metadata search.,User should download legally if institutional or personal access is available.,pending,2026-05-29T10:03:21+00:00
66cd8b22ee4c,49b20cf7dc46,STUDI ANALISIS PENGARUH INTERFERENSI CO-CHANNEL BCCH (BROADCAST CONTROL CHANNEL) TERHADAP KUALITAS SEL SISTEM JARINGAN DCS (DIGITAL CELLULAR SYSTEM) 1800,Setyo Budiyanto; Mariesa Aldila,2013,Jurnal Teknologi Elektro,10.22441/jte.v4i2.749,https://doi.org/10.22441/jte.v4i2.749,dtmb_uav_control,No open PDF URL was found by the metadata search.,User should download legally if institutional or personal access is available.,pending,2026-05-29T10:03:21+00:00
7ca7b31ea575,539d2db1b292,Decentralized dynamic control of a multiaccess broadcast channel,B. Hajek; T. van Loon,1982,IEEE Transactions on Automatic Control,10.1109/tac.1982.1102978,https://doi.org/10.1109/tac.1982.1102978,dtmb_uav_control,No open PDF URL was found by the metadata search.,User should download legally if institutional or personal access is available.,pending,2026-05-29T10:03:21+00:00
03077f941580,b11a6e2a034d,Dynamic decentralized estimation and control in a multi-access broadcast channel,Bruce Hajek,1980,1980 19th IEEE Conference on Decision and Control including the Symposium on Adaptive Processes,10.1109/cdc.1980.271871,https://doi.org/10.1109/cdc.1980.271871,dtmb_uav_control,No open PDF URL was found by the metadata search.,User should download legally if institutional or personal access is available.,pending,2026-05-29T10:03:21+00:00
a451554301ac,253a61d197d9,Stability conditions for a two-priority packet broadcast channel,J. Meditch; H.-l. Yin,1984,The 23rd IEEE Conference on Decision and Control,10.1109/cdc.1984.272261,https://doi.org/10.1109/cdc.1984.272261,dtmb_uav_control,No open PDF URL was found by the metadata search.,User should download legally if institutional or personal access is available.,pending,2026-05-29T10:03:21+00:00
1367894c6cac,d41f4711e127,Design and flight stability analysis of the UAV close cooperative formation control laws,Jialong Zhang; Jianguo Yan; Pu Zhang; Dongli Yuan; Xiaolei Hou,2018,2018 Chinese Control And Decision Conference (CCDC),10.1109/ccdc.2018.8407120,https://doi.org/10.1109/ccdc.2018.8407120,formation_safety_boundary,No open PDF URL was found by the metadata search.,User should download legally if institutional or personal access is available.,pending,2026-05-29T10:03:24+00:00
6c9fdf90d4f0,5f9975e27487,UAV Deck Recovery Stability Analysis,Bernard Ferrier; John Duncan,2012,,10.21236/ada557352,https://doi.org/10.21236/ada557352,formation_safety_boundary,No open PDF URL was found by the metadata search.,User should download legally if institutional or personal access is available.,pending,2026-05-29T10:03:24+00:00
d1a90c7aca8f,510d63691550,"Advanced UAV Aerodynamics, Flight Stability and Control",Pascual Marqués,2017,"Advanced UAV Aerodynamics, Flight Stability and Control",10.1002/9781118928691.ch1,https://doi.org/10.1002/9781118928691.ch1,formation_safety_boundary,No open PDF URL was found by the metadata search.,User should download legally if institutional or personal access is available.,pending,2026-05-29T10:03:24+00:00
7638532943fd,4805e1d33472,Formation Control of UAV-fleet With Orientation Alignment: A Multi-Agent Actor-Critic Based Approach,,2024,Formation Control of UAV-fleet With Orientation Alignment: A Multi-Agent Actor-Critic Based Approach,10.52545/3-4,https://doi.org/10.52545/3-4,formation_safety_boundary,No open PDF URL was found by the metadata search.,User should download legally if institutional or personal access is available.,pending,2026-05-29T10:03:24+00:00
dab76d11118f,aa26330f9c31,Novel Concepts in Multi‐rotor VTOL UAV Dynamics and Stability,Emaid A. Abdul Retha,2017,"Advanced UAV Aerodynamics, Flight Stability and Control",10.1002/9781118928691.ch20,https://doi.org/10.1002/9781118928691.ch20,formation_safety_boundary,No open PDF URL was found by the metadata search.,User should download legally if institutional or personal access is available.,pending,2026-05-29T10:03:24+00:00
b5aaac0a26be,ece996e98568,Robust H∞ Team Formation Tracking Control of Stochastic Multi-Quadrotor UAV Networked Control System,Bor-Sen Chen,2024,Robust H∞ Team Formation Tracking Design Methods of Large-Scale UAV Networked Control Systems,10.1201/9781003545965-2,https://doi.org/10.1201/9781003545965-2,formation_safety_boundary,No open PDF URL was found by the metadata search.,User should download legally if institutional or personal access is available.,pending,2026-05-29T10:03:24+00:00
15d3c6e2051e,12507699c15b,Control of UAV Fleet Formation for Capturing Climber's Movements,; Housseyne Nadour,,,10.70675/7926497bz0438z42e2za792zd2f52fe84d74,https://doi.org/10.70675/7926497bz0438z42e2za792zd2f52fe84d74,formation_safety_boundary,No open PDF URL was found by the metadata search.,User should download legally if institutional or personal access is available.,pending,2026-05-29T10:03:24+00:00
2836fe171c43,454131748279,Formation flight of UAV\'s with obstacle avoidance,Victor Stafy Megda Rosa,,,10.11606/d.18.2022.tde-13102022-092006,https://doi.org/10.11606/d.18.2022.tde-13102022-092006,formation_safety_boundary,No open PDF URL was found by the metadata search.,User should download legally if institutional or personal access is available.,pending,2026-05-29T10:03:24+00:00
38b2c10c6568,201559200bfd,Aerodynamics of UAV Configurations,Pascual Marqués,2017,"Advanced UAV Aerodynamics, Flight Stability and Control",10.1002/9781118928691.ch2,https://doi.org/10.1002/9781118928691.ch2,formation_safety_boundary,No open PDF URL was found by the metadata search.,User should download legally if institutional or personal access is available.,pending,2026-05-29T10:03:24+00:00
00e44d8b7a01,7e2c1e71ac48,"UAV Formation Flight Utilizing a Low Cost, Open Source Configuration",Christian W Lopez,,,10.15368/theses.2013.103,https://doi.org/10.15368/theses.2013.103,formation_safety_boundary,No open PDF URL was found by the metadata search.,User should download legally if institutional or personal access is available.,pending,2026-05-29T10:03:24+00:00
a7b50e61e04e,1a0432a0a02f,Research on Cooperative Formation Flight Control of Multi-UAV with Communication Time Delay,Peibei Ma; Jun Ji; Jiangbo Sui; Ming Lei,2021,2021 International Conference on Control Science and Electric Power Systems (CSEPS),10.1109/cseps53726.2021.00017,https://doi.org/10.1109/cseps53726.2021.00017,formation_safety_boundary,No open PDF URL was found by the metadata search.,User should download legally if institutional or personal access is available.,pending,2026-05-29T10:03:29+00:00
52f382739ccf,6a96f08f5f1c,Research on Multi-UAV Cooperative Formation Control Method Considering Coupling and Communication Delay,Zequn Liu; Zhuxin Guo; Jianing Wei; Yunfei Zhang; Wanlin Fan; Yanfang Fu,2026,Applied Sciences,10.3390/app16084049,https://doi.org/10.3390/app16084049,formation_safety_boundary,No open PDF URL was found by the metadata search.,User should download legally if institutional or personal access is available.,pending,2026-05-29T10:03:29+00:00
838b14c6cb34,37018deb669d,Stochastic Robust H∞ Team Formation Tracking Design of Multi-Quadrotor UAV Networked Control System under Time-Varying Delay and Random Fluctuation in Smart City,Bor-Sen Chen,2024,Robust H∞ Team Formation Tracking Design Methods of Large-Scale UAV Networked Control Systems,10.1201/9781003545965-3,https://doi.org/10.1201/9781003545965-3,formation_safety_boundary,No open PDF URL was found by the metadata search.,User should download legally if institutional or personal access is available.,pending,2026-05-29T10:03:29+00:00
32f1de1da1f6,80586fb026fe,Cooperative Multi-UAV Search Problem with Communication Delay,Mostafa Mirzaei; Brandon Gordon; Camille-Allain Rabbath; Farid Sharifi,2010,"AIAA Guidance, Navigation, and Control Conference",10.2514/6.2010-8420,https://doi.org/10.2514/6.2010-8420,formation_safety_boundary,No open PDF URL was found by the metadata search.,User should download legally if institutional or personal access is available.,pending,2026-05-29T10:03:29+00:00
18f5231a1e82,51573103a687,Adaptive Formation Control for Multi-UAV Swarms in Cluttered Environments with Communication Delays under Directed Switching Topologies,Yingzheng Zhang; Zhenghong Jin,,,10.20944/preprints202602.1104.v1,https://doi.org/10.20944/preprints202602.1104.v1,formation_safety_boundary,No open PDF URL was found by the metadata search.,User should download legally if institutional or personal access is available.,pending,2026-05-29T10:03:29+00:00
b65c334d35de,672331384c39,Implementation and Performance Evaluation of a Consensus Protocol for Multi-UAV Formation with Communication Delay,Fausto Francesco Lizzio; Elisa Capello; Giorgio Guglieri,2022,2022 International Conference on Unmanned Aircraft Systems (ICUAS),10.1109/icuas54217.2022.9836201,https://doi.org/10.1109/icuas54217.2022.9836201,formation_safety_boundary,No open PDF URL was found by the metadata search.,User should download legally if institutional or personal access is available.,pending,2026-05-29T10:03:29+00:00
4d6367a7cd9f,fb4bb0bd770d,Digraph-based anti-communication-destroying topology design for multi-UAV formation,Hao Chen; Xiangke Wang; Lincheng Shen; Jing Chen,2017,2017 36th Chinese Control Conference (CCC),10.23919/chicc.2017.8028704,https://doi.org/10.23919/chicc.2017.8028704,formation_safety_boundary,No open PDF URL was found by the metadata search.,User should download legally if institutional or personal access is available.,pending,2026-05-29T10:03:29+00:00
c681b208aea2,bcbddef47685,MPC-Based Obstacle Aware Multi-UAV Formation Control Under Imperfect Communication,Vikrant Dewangan; Harikumar Kandath,2024,"2024 10th International Conference on Automation, Robotics and Applications (ICARA)",10.1109/icara60736.2024.10553141,https://doi.org/10.1109/icara60736.2024.10553141,formation_safety_boundary,No open PDF URL was found by the metadata search.,User should download legally if institutional or personal access is available.,pending,2026-05-29T10:03:29+00:00
7ecb1908db59,3ea6ef23e3a2,Multi-Spacecraft Formation Attitude Coordinated Control with Communication Delay,Zhanjie Zhou; Yan Wang,2023,2023 2nd International Symposium on Aerospace Engineering and Systems (ISAES),10.1109/isaes58852.2023.10281214,https://doi.org/10.1109/isaes58852.2023.10281214,formation_safety_boundary,No open PDF URL was found by the metadata search.,User should download legally if institutional or personal access is available.,pending,2026-05-29T10:03:29+00:00
369e37fb6d67,1ad3f956f709,Stochastic Decentralized H∞ Tracking Control of Large-Scale Team Formation UAV Networked Control System with Time-Varying Delay and Packet Dropout under Interconnected Coupling and Wiener Fluctuation,Bor-Sen Chen,2024,Robust H∞ Team Formation Tracking Design Methods of Large-Scale UAV Networked Control Systems,10.1201/9781003545965-5,https://doi.org/10.1201/9781003545965-5,formation_safety_boundary,No open PDF URL was found by the metadata search.,User should download legally if institutional or personal access is available.,pending,2026-05-29T10:03:34+00:00
964d6fa5ce97,be947a18be42,Distributed Model Predictive Control for Multiple Unmanned Ground Vehicles Formation with Packet Loss,Zhuo Meng; Chaofang Hu; Lei Cao; Na Wang,2019,2019 Chinese Control Conference (CCC),10.23919/chicc.2019.8865473,https://doi.org/10.23919/chicc.2019.8865473,formation_safety_boundary,No open PDF URL was found by the metadata search.,User should download legally if institutional or personal access is available.,pending,2026-05-29T10:03:34+00:00
94456fb8dcc0,7a6bea63c521,Packet loss models of the Transmission Control Protocol,Kaiyu Zhou,,,10.5353/th_b3687317,https://doi.org/10.5353/th_b3687317,formation_safety_boundary,No open PDF URL was found by the metadata search.,User should download legally if institutional or personal access is available.,pending,2026-05-29T10:03:34+00:00
7e70d3769923,90062bcf6032,Control and estimation with limited data rate and packet loss,Keyou You,,,10.32657/10356/46275,https://doi.org/10.32657/10356/46275,formation_safety_boundary,No open PDF URL was found by the metadata search.,User should download legally if institutional or personal access is available.,pending,2026-05-29T10:03:34+00:00
d3fdc9bf006e,3002fd076d58,LQG control with Markovian packet loss,Yilin Mo; Emanuele Garone; Bruno Sinopoli,2013,2013 European Control Conference (ECC),10.23919/ecc.2013.6669778,https://doi.org/10.23919/ecc.2013.6669778,formation_safety_boundary,No open PDF URL was found by the metadata search.,User should download legally if institutional or personal access is available.,pending,2026-05-29T10:03:34+00:00
ccb160d9e948,a9dfbe269485,Impact of Packet Loss to the Motion of Autonomous UAV Swarms,Scott James; Robert Raheb; Allison Hudak,2020,2020 AIAA/IEEE 39th Digital Avionics Systems Conference (DASC),10.1109/dasc50938.2020.9256561,https://doi.org/10.1109/dasc50938.2020.9256561,formation_safety_boundary,No open PDF URL was found by the metadata search.,User should download legally if institutional or personal access is available.,pending,2026-05-29T10:03:34+00:00
dedb0ba499b7,8187bf9d662a,Congestion Control Based on Queuing Delay and Packet Loss Probability,Jun Xie; Lu Yu; Feng-lin Jin,2010,Journal of Electronics &amp; Information Technology,10.3724/sp.j.1146.2009.01228,https://doi.org/10.3724/sp.j.1146.2009.01228,formation_safety_boundary,No open PDF URL was found by the metadata search.,User should download legally if institutional or personal access is available.,pending,2026-05-29T10:03:34+00:00
af5c2269fd4b,df7abe37a9a3,Formation Control of Automated Guided Vehicles in the Presence of Packet Loss,Leila Sedghi; Jobish John; Md Noor-A-Rahim; Dirk Pesch,2022,Sensors,10.3390/s22093552,https://doi.org/10.3390/s22093552,formation_safety_boundary,No open PDF URL was found by the metadata search.,User should download legally if institutional or personal access is available.,pending,2026-05-29T10:03:34+00:00
cf40cff40a09,7844b02dbe0a,Consensus of second-order multi-agent systems under communication delay,Cheng-Lin Liu; Fei Liu,2010,2010 Chinese Control and Decision Conference,10.1109/ccdc.2010.5498912,https://doi.org/10.1109/ccdc.2010.5498912,formation_safety_boundary,No open PDF URL was found by the metadata search.,User should download legally if institutional or personal access is available.,pending,2026-05-29T10:03:38+00:00
7b37e1b9e600,2bb66082871c,Consensus problem of general linear first-order multi-agent network under communication delay,Cheng-Lin Liu; Fei Liu,2016,2016 American Control Conference (ACC),10.1109/acc.2016.7526053,https://doi.org/10.1109/acc.2016.7526053,formation_safety_boundary,No open PDF URL was found by the metadata search.,User should download legally if institutional or personal access is available.,pending,2026-05-29T10:03:38+00:00
ff51b176e2ce,621bf1fb0973,Delayed-Compensation Algorithm for Second-Order Leader-Following Consensus Seeking under Communication Delay,Cheng-Lin Liu; Fei Liu,2015,Entropy,10.3390/e17063752,https://doi.org/10.3390/e17063752,formation_safety_boundary,No open PDF URL was found by the metadata search.,User should download legally if institutional or personal access is available.,pending,2026-05-29T10:03:38+00:00
3ecd8b0a5e42,9818e3f64e0f,Limited Communication Consensus Control in Multi-UUVs Swarm System Under Switching Topologies and Time Delay,Zheping Yan; Yi Wu; Jiajia Zhou,2018,2018 37th Chinese Control Conference (CCC),10.23919/chicc.2018.8484022,https://doi.org/10.23919/chicc.2018.8484022,formation_safety_boundary,No open PDF URL was found by the metadata search.,User should download legally if institutional or personal access is available.,pending,2026-05-29T10:03:38+00:00
d3bb74c2608f,cca2dc5dd67c,Consensus of double integrator multi-agents under communication delay,Alexandre Seuret; Dimos V. Dimarogonas; Karl H. Johansson,2009,IFAC Proceedings Volumes,10.3182/20090901-3-ro-4009.00062,https://doi.org/10.3182/20090901-3-ro-4009.00062,formation_safety_boundary,No open PDF URL was found by the metadata search.,User should download legally if institutional or personal access is available.,pending,2026-05-29T10:03:38+00:00
2953fa2208c0,fc947054d68c,PDE-Based Leader-Following Consensus of Multi-Agent Systems with Input Delay under Spatial Boundary Communication,Hao Zhang; Tong Wang; Jianbin Qiu,2021,IFAC-PapersOnLine,10.1016/j.ifacol.2021.11.136,https://doi.org/10.1016/j.ifacol.2021.11.136,formation_safety_boundary,No open PDF URL was found by the metadata search.,User should download legally if institutional or personal access is available.,pending,2026-05-29T10:03:38+00:00
b68a3425cc96,f465bd569d51,Weighted consensus of multi-agent systems with communication delay and self-delay,Zhaoxia Wang; Jinsong Zhang,2017,2017 29th Chinese Control And Decision Conference (CCDC),10.1109/ccdc.2017.7978760,https://doi.org/10.1109/ccdc.2017.7978760,formation_safety_boundary,No open PDF URL was found by the metadata search.,User should download legally if institutional or personal access is available.,pending,2026-05-29T10:03:38+00:00
1234f44f51b6,abb5e64fe105,Consensus Problem of Markov Jump Multi-Agent Systems with Time-Varying Delay under Sampled-Data,Shili Shao; He Zhang; Changqing Liu,2017,Proceedings of the International Conference on Communication and Electronic Information Engineering (CEIE 2016),10.2991/ceie-16.2017.24,https://doi.org/10.2991/ceie-16.2017.24,formation_safety_boundary,No open PDF URL was found by the metadata search.,User should download legally if institutional or personal access is available.,pending,2026-05-29T10:03:38+00:00
a7f9c525e432,a2ced0869ae8,Consensus control of observer-based multi-agent system with Communication Delay,Toru Namerikawa; Chika Yoshioka,2008,2008 SICE Annual Conference,10.1109/sice.2008.4655069,https://doi.org/10.1109/sice.2008.4655069,formation_safety_boundary,No open PDF URL was found by the metadata search.,User should download legally if institutional or personal access is available.,pending,2026-05-29T10:03:38+00:00
f698811fed0d,0d6adb77abc5,Edge Delay and Communication Phase in Consensus Network,Nakul Giri; Sateesh Kumar Awasthi,2021,"2021 International Conference on Innovative Computing, Intelligent Communication and Smart Electrical Systems (ICSES)",10.1109/icses52305.2021.9633878,https://doi.org/10.1109/icses52305.2021.9633878,formation_safety_boundary,No open PDF URL was found by the metadata search.,User should download legally if institutional or personal access is available.,pending,2026-05-29T10:03:38+00:00
00a6d6b43a52,bc348d8fe979,Directional Antenna-Assisted UAV Path Planning Against Jamming Attacks,Arata Kuwahara; Tomotaka Kimura; Jun Cheng,2026,2026 40th International Conference on Information Networking (ICOIN),10.1109/icoin68469.2026.11480611,https://doi.org/10.1109/icoin68469.2026.11480611,dynamic_directional_networking,No open PDF URL was found by the metadata search.,User should download legally if institutional or personal access is available.,pending,2026-05-29T10:03:44+00:00
46c968d18cd2,cf2c72dd6c03,Joint Optimization of UAV Deployment and Directional Antenna Orientation for Multi-UAV Cooperative Sensing,Lingyun Zhou; Wenqiang Pu; Ming-yi You; Rongqing Zhang; Qingjiang Shi,2023,2023 IEEE Wireless Communications and Networking Conference (WCNC),10.1109/wcnc55385.2023.10118837,https://doi.org/10.1109/wcnc55385.2023.10118837,dynamic_directional_networking,No open PDF URL was found by the metadata search.,User should download legally if institutional or personal access is available.,pending,2026-05-29T10:03:44+00:00
c40e4c144551,b9ef4af2dbc9,Adaptive MAC protocol for UAV communication networks using directional antennas,Abdel Ilah Alshbatat; Liang Dong,2010,"2010 International Conference on Networking, Sensing and Control (ICNSC)",10.1109/icnsc.2010.5461589,https://doi.org/10.1109/icnsc.2010.5461589,dynamic_directional_networking,No open PDF URL was found by the metadata search.,User should download legally if institutional or personal access is available.,pending,2026-05-29T10:03:44+00:00
ae2eb6558ada,59c38ee4338c,Experiment of Multi-UAV Full-Duplex System Equipped with Directional Antennas,Tao Yu; Kento Kajiwara; Kiyomichi Araki; Kei Sakaguchi,2023,2023 IEEE 20th Consumer Communications &amp; Networking Conference (CCNC),10.1109/ccnc51644.2023.10060015,https://doi.org/10.1109/ccnc51644.2023.10060015,dynamic_directional_networking,No open PDF URL was found by the metadata search.,User should download legally if institutional or personal access is available.,pending,2026-05-29T10:03:44+00:00
0410aa158416,27652dfa9120,A Bi-directional Adaptive Framework for Agile UAV Landing_supp1-3671567.mp4,Yang Lyu,,,10.1109/lra.2026.3671567/mm1,https://doi.org/10.1109/lra.2026.3671567/mm1,dynamic_directional_networking,No open PDF URL was found by the metadata search.,User should download legally if institutional or personal access is available.,pending,2026-05-29T10:03:44+00:00
3c87f17a5edd,4a0379037ec2,Adaptive UAV Swarm Clustering and Networking,Haipeng Yao; Tianle Mai,2026,Wireless Networks; UAV Swarm Cooperation,10.1007/978-3-031-96444-2_2,https://doi.org/10.1007/978-3-031-96444-2_2,dynamic_directional_networking,No open PDF URL was found by the metadata search.,User should download legally if institutional or personal access is available.,pending,2026-05-29T10:03:44+00:00
557001cb86dc,287cf92bb151,Military Applications of Directional Mesh Networking,,2015,"Wireless Network Performance Enhancement via Directional Antennas: Models, Protocols, and Systems",10.1201/b19065-29,https://doi.org/10.1201/b19065-29,dynamic_directional_networking,No open PDF URL was found by the metadata search.,User should download legally if institutional or personal access is available.,pending,2026-05-29T10:03:44+00:00
2f3a01901146,83f80e27cd91,Mesh Networking for Inter-UAV Communications,; Michael Tanner Walton,,,10.12794/metadc1505208,https://doi.org/10.12794/metadc1505208,dynamic_directional_networking,No open PDF URL was found by the metadata search.,User should download legally if institutional or personal access is available.,pending,2026-05-29T10:03:44+00:00
259a921bb8d6,b24e89de04bc,Introduction: Switched/Steered Directional Antennas for Networking,,2015,"Wireless Network Performance Enhancement via Directional Antennas: Models, Protocols, and Systems",10.1201/b19065-6,https://doi.org/10.1201/b19065-6,dynamic_directional_networking,No open PDF URL was found by the metadata search.,User should download legally if institutional or personal access is available.,pending,2026-05-29T10:03:44+00:00
cecd10c5df98,dbe3bdf22d8b,The Evolution of Directional Networking Systems Architecture,,2015,"Wireless Network Performance Enhancement via Directional Antennas: Models, Protocols, and Systems",10.1201/b19065-31,https://doi.org/10.1201/b19065-31,dynamic_directional_networking,No open PDF URL was found by the metadata search.,User should download legally if institutional or personal access is available.,pending,2026-05-29T10:03:44+00:00
0d1a9a6d5046,63f2ca87a4c4,Descriptive Analysis of OLSR Applicability to FANET with a Directional Antenna Based Various Propagation Models,Ashish Srivastava; Jay Prakash,2024,Wireless Personal Communications,10.1007/s11277-024-10921-x,https://doi.org/10.1007/s11277-024-10921-x,dynamic_directional_networking,No open PDF URL was found by the metadata search.,User should download legally if institutional or personal access is available.,pending,2026-05-29T10:03:48+00:00
3a4c94c13404,e22f5df75bd1,directional antenna,,,SpringerReference,10.1007/springerreference_12552,https://doi.org/10.1007/springerreference_12552,dynamic_directional_networking,No open PDF URL was found by the metadata search.,User should download legally if institutional or personal access is available.,pending,2026-05-29T10:03:48+00:00
c6f17602a668,e5c971b02a0b,Super Directional Antenna—3D Phased Array Antenna Based on Directional Elements,Benzion Levy; Ely Levine; Yosef Pinhasi,2022,Electronics,10.3390/electronics11142233,https://doi.org/10.3390/electronics11142233,dynamic_directional_networking,No open PDF URL was found by the metadata search.,User should download legally if institutional or personal access is available.,pending,2026-05-29T10:03:48+00:00
15228f473a38,e4e953e6ca02,"Fanet, Anne-Marie",,2011,Benezit Dictionary of Artists,10.1093/benz/9780199773787.article.b00061492,https://doi.org/10.1093/benz/9780199773787.article.b00061492,dynamic_directional_networking,No open PDF URL was found by the metadata search.,User should download legally if institutional or personal access is available.,pending,2026-05-29T10:03:48+00:00
63228bb564e7,828ce1ca3636,STUDY OF DIRECTIONAL PROPERTIES OF THE BEVERAGE ANTENNA,; Dmitry Aleksandrovich Kosarev,2024,STUDY OF DIRECTIONAL PROPERTIES OF THE BEVERAGE ANTENNA,10.46916/25092024-1-978-5-00215-530-9,https://doi.org/10.46916/25092024-1-978-5-00215-530-9,dynamic_directional_networking,No open PDF URL was found by the metadata search.,User should download legally if institutional or personal access is available.,pending,2026-05-29T10:03:48+00:00
74e66e7028b4,76ab5a0f08fc,The Omnidirectional/Directional Switchable Antenna Based on the Curved Microstrip Antenna with Defected Ground Structure,Junping Geng,2021,Omnidirectional Slots Antenna,10.1007/978-981-15-9089-4_9,https://doi.org/10.1007/978-981-15-9089-4_9,dynamic_directional_networking,No open PDF URL was found by the metadata search.,User should download legally if institutional or personal access is available.,pending,2026-05-29T10:03:48+00:00
f9ce3571f5db,9e9e28bc4814,The directional coupler antenna,C. Fink,,IRE International Convention Record,10.1109/irecon.1959.1150788,https://doi.org/10.1109/irecon.1959.1150788,dynamic_directional_networking,No open PDF URL was found by the metadata search.,User should download legally if institutional or personal access is available.,pending,2026-05-29T10:03:48+00:00
5b033f802e13,e7f7f8120c43,The potentional accuracy with fluctuation of the beam patterns of antenna elements for directional finding of antenna system of mono impulse directional finder,M.L. Artemov; M.P. Slichenko; S.P. Trushin,2022,Radioengineering,10.18127/j00338486-202201-17,https://doi.org/10.18127/j00338486-202201-17,dynamic_directional_networking,No open PDF URL was found by the metadata search.,User should download legally if institutional or personal access is available.,pending,2026-05-29T10:03:48+00:00
2041c7c08091,dd1341be883f,Directional antenna for multipath ad hoc routing,Hamid Gharavi; Bin Hu,2008,,10.6028/nist.ir.7529,https://doi.org/10.6028/nist.ir.7529,dynamic_directional_networking,No open PDF URL was found by the metadata search.,User should download legally if institutional or personal access is available.,pending,2026-05-29T10:03:48+00:00
a0d8ea0ef045,0dea0adcaf09,Directional Interference Avoidance With Minimum Interaircraft Interactions for Flying Ad Hoc Networks (FANET) With Directional Antennas Through Distributed Multiagent Reinforcement Learning,Linsheng He; Jiamiao Zhao; Fei Hu; Sunil Kumar,2025,IEEE Transactions on Aerospace and Electronic Systems,10.1109/taes.2024.3447609,https://doi.org/10.1109/taes.2024.3447609,dynamic_directional_networking,No open PDF URL was found by the metadata search.,User should download legally if institutional or personal access is available.,pending,2026-05-29T10:03:48+00:00
163def7ea8a1,e276493fe74f,A Joint UAV Deployment and Beamforming Design for ISAC-Enabled Multi-UAV Network,Xiaoye Jing; Fan Liu; Christos Masouros; Xianhua Yu,2025,GLOBECOM 2025 - 2025 IEEE Global Communications Conference,10.1109/globecom59602.2025.11432354,https://doi.org/10.1109/globecom59602.2025.11432354,dynamic_directional_networking,No open PDF URL was found by the metadata search.,User should download legally if institutional or personal access is available.,pending,2026-05-29T10:03:52+00:00
e8b38d833677,488cd2d1c438,Deep-Learning-Based Multiple Beamforming for 5G UAV IoT Networks,Xuetian Zhu; Fei Qi; Yi Feng,2020,IEEE Network,10.1109/mnet.011.2000035,https://doi.org/10.1109/mnet.011.2000035,dynamic_directional_networking,No open PDF URL was found by the metadata search.,User should download legally if institutional or personal access is available.,pending,2026-05-29T10:03:52+00:00
0220935aeddc,71b85604fc76,A Learning-Based Approach to Joint UAV Trajectory and Beamforming Optimization for UAV-RIS Relaying Network,Shumo Wang; Xiaoqin Song; Tiecheng Song,2025,2025 IEEE Wireless Communications and Networking Conference (WCNC),10.1109/wcnc61545.2025.10978191,https://doi.org/10.1109/wcnc61545.2025.10978191,dynamic_directional_networking,No open PDF URL was found by the metadata search.,User should download legally if institutional or personal access is available.,pending,2026-05-29T10:03:52+00:00
373d8c35534d,4fbeadb72371,Trajectory and Beamforming Vector Optimization for Multi-UAV Multicast Network,Chengcheng Feng; Chao Zhang; Xinmin Luo,2019,2019 11th International Conference on Wireless Communications and Signal Processing (WCSP),10.1109/wcsp.2019.8927982,https://doi.org/10.1109/wcsp.2019.8927982,dynamic_directional_networking,No open PDF URL was found by the metadata search.,User should download legally if institutional or personal access is available.,pending,2026-05-29T10:03:52+00:00
b148daec6791,6d1e35b82f8b,RIS-mounted UAV for Cell-Free ISAC Network: Joint Beamforming and Localization Optimization,Shanza Shakoor; Quang Nhat Le; Trung Q. Duong,2025,"2025 Computing, Communications and IoT Applications (ComComAp)",10.1109/comcomap68359.2025.11353198,https://doi.org/10.1109/comcomap68359.2025.11353198,dynamic_directional_networking,No open PDF URL was found by the metadata search.,User should download legally if institutional or personal access is available.,pending,2026-05-29T10:03:52+00:00
36d5d93c7aa8,893fffdf43b2,Array Beamforming Enabled UAV Communications,Zhenyu Xiao; Lipeng Zhu; Lin Bai; Xiang-Gen Xia,2023,Array Beamforming Enabled Wireless Communications,10.1201/9781003366362-7,https://doi.org/10.1201/9781003366362-7,dynamic_directional_networking,No open PDF URL was found by the metadata search.,User should download legally if institutional or personal access is available.,pending,2026-05-29T10:03:52+00:00
4f6bd610645c,22ff04fdf52f,Array Beamforming Enabled UAV Networking,Zhenyu Xiao; Lipeng Zhu; Lin Bai; Xiang-Gen Xia,2023,Array Beamforming Enabled Wireless Communications,10.1201/9781003366362-8,https://doi.org/10.1201/9781003366362-8,dynamic_directional_networking,No open PDF URL was found by the metadata search.,User should download legally if institutional or personal access is available.,pending,2026-05-29T10:03:52+00:00
5c07f32b9039,adf2fbe02b5a,A Dome packing method for UAV positioning using 3D Beamforming in WPCN for water distribution network,Varsha Radhakrishnan; Wenyan Wu; Tianmeng Wu,2021,2021 26th International Conference on Automation and Computing (ICAC),10.23919/icac50006.2021.9594179,https://doi.org/10.23919/icac50006.2021.9594179,dynamic_directional_networking,No open PDF URL was found by the metadata search.,User should download legally if institutional or personal access is available.,pending,2026-05-29T10:03:52+00:00
3bc83977d0f5,615f1349afd7,Intelligent Joint Beamforming and Distributed Power Control for UAV-assisted Ultra-Dense Network: A Hierarchical Optimization Approach,Yuzhu Zhang; Lijun Qian; Hao Xu,2021,NAECON 2021 - IEEE National Aerospace and Electronics Conference,10.1109/naecon49338.2021.9696309,https://doi.org/10.1109/naecon49338.2021.9696309,dynamic_directional_networking,No open PDF URL was found by the metadata search.,User should download legally if institutional or personal access is available.,pending,2026-05-29T10:03:52+00:00
ff8b234b42bf,b8db2e9778ee,Joint optimization beamforming and horizontal trajectory for UAV covert communications in non-terrestrial network,Lyu Daxin; Wen Zhaoxi; Ma Yingchang; Zhang Juniin; Liu Mingqian,2025,China Communications,10.23919/jcc.fa.2025-0081.202510,https://doi.org/10.23919/jcc.fa.2025-0081.202510,dynamic_directional_networking,No open PDF URL was found by the metadata search.,User should download legally if institutional or personal access is available.,pending,2026-05-29T10:03:52+00:00
ac5cecfff70e,45ca39dac1fe,Study on Dynamic Network Topology Optimization of UAV,Yongjian Luo; Min Zhu; Xiaoshuang Wang; Ran Li; Xugang Liu,2019,2019 International Conference on Virtual Reality and Intelligent Systems (ICVRIS),10.1109/icvris.2019.00120,https://doi.org/10.1109/icvris.2019.00120,dynamic_directional_networking,No open PDF URL was found by the metadata search.,User should download legally if institutional or personal access is available.,pending,2026-05-29T10:03:55+00:00
1d23edaf202e,d6d478ae5c32,Dynamic Construction and Adaptation of 3D Virtual Network Topology for UAV-Assisted Data Collection,Chen Qiu; Xianbin Wang; Weiming Shen; Richard Lee,2023,IEEE INFOCOM 2023 - IEEE Conference on Computer Communications Workshops (INFOCOM WKSHPS),10.1109/infocomwkshps57453.2023.10225833,https://doi.org/10.1109/infocomwkshps57453.2023.10225833,dynamic_directional_networking,No open PDF URL was found by the metadata search.,User should download legally if institutional or personal access is available.,pending,2026-05-29T10:03:55+00:00
6aa552b6433e,73343a4fb02e,Dynamic Topology Reconstruction Protocol for UAV Swarm Networking,Minsoo Park; SeungGwan Lee; Sungwon Lee,2020,Symmetry,10.3390/sym12071111,https://doi.org/10.3390/sym12071111,dynamic_directional_networking,No open PDF URL was found by the metadata search.,User should download legally if institutional or personal access is available.,pending,2026-05-29T10:03:55+00:00
b396af4707e0,a211c9302203,Analyzing Dynamic Meso-Scale Structures in Financial Network Topology,Haibo Wang,,,10.2139/ssrn.4776839,https://doi.org/10.2139/ssrn.4776839,dynamic_directional_networking,No open PDF URL was found by the metadata search.,User should download legally if institutional or personal access is available.,pending,2026-05-29T10:03:55+00:00
60b6100d87e0,757a9aaa9448,Network Topology Construction method for UAV Swarm Systems Based on Topology Duration Maximization,Rui Zhou; Yanxiang Yang; Deyu Song; Limei Xu,2023,2023 6th International Conference on Electronics Technology (ICET),10.1109/icet58434.2023.10211307,https://doi.org/10.1109/icet58434.2023.10211307,dynamic_directional_networking,No open PDF URL was found by the metadata search.,User should download legally if institutional or personal access is available.,pending,2026-05-29T10:03:55+00:00
7aa1580e4617,295e422fac81,Research on UAV communication network topology based on small world network model,Li Jingnan; Li Pengfei; Liu Kai,2017,2017 IEEE International Conference on Unmanned Systems (ICUS),10.1109/icus.2017.8278386,https://doi.org/10.1109/icus.2017.8278386,dynamic_directional_networking,No open PDF URL was found by the metadata search.,User should download legally if institutional or personal access is available.,pending,2026-05-29T10:03:55+00:00
7c55305ea921,aa33545ab312,Optimal measurement policy for predicting UAV network topology,Abolfazl Razi; Fatemeh Afghah; Jacob Chakareski,2017,"2017 51st Asilomar Conference on Signals, Systems, and Computers",10.1109/acssc.2017.8335579,https://doi.org/10.1109/acssc.2017.8335579,dynamic_directional_networking,No open PDF URL was found by the metadata search.,User should download legally if institutional or personal access is available.,pending,2026-05-29T10:03:55+00:00
c669766d7b72,229e9faec790,UAV-Assisted Dynamic Coverage in a Heterogeneous Cellular System,Yue Li; Lin Cai,2017,IEEE Network,10.1109/mnet.2017.1600280,https://doi.org/10.1109/mnet.2017.1600280,dynamic_directional_networking,No open PDF URL was found by the metadata search.,User should download legally if institutional or personal access is available.,pending,2026-05-29T10:03:55+00:00
9d16fed6cfba,d8dd90389052,Network Topology Design for UAV Swarming with Wind Gusts,Airlie Chapman; Ran Dai; Mehran Mesbahi,2011,"AIAA Guidance, Navigation, and Control Conference",10.2514/6.2011-6477,https://doi.org/10.2514/6.2011-6477,dynamic_directional_networking,No open PDF URL was found by the metadata search.,User should download legally if institutional or personal access is available.,pending,2026-05-29T10:03:55+00:00
0e383a1ec8cc,446ecb44b58e,A probabilistic dynamic energy model for ad-hoc wireless sensors network with varying topology,Amal Al-Husseini,,,10.17760/d20002558,https://doi.org/10.17760/d20002558,dynamic_directional_networking,No open PDF URL was found by the metadata search.,User should download legally if institutional or personal access is available.,pending,2026-05-29T10:03:55+00:00
98ed6d8e7c2e,918caef07ead,Drone Remote Identification Based on Zadoff-Chu Sequences and Time-Frequency Images,Jie Li; Jing Li; Lu Lv; Peixin Zhang; Fengkui Gong,2025,IEEE Transactions on Cognitive Communications and Networking,10.1109/TCCN.2025.3602799,https://www.semanticscholar.org/paper/187c0c49e520010434ca8b6abc8050ea2a4d8300,remote_id_broadcast_capacity,No open PDF URL was found by the metadata search.,User should download legally if institutional or personal access is available.,pending,2026-05-29T10:05:44+00:00
6e78a5c0fda4,611263651913,Formal Verification and Security Assessment of the Drone Remote Identification Protocol,Suleman Khan; G. S. Gaba; Felipe Boeira; Andrei V. Gurtov,2024,2024 2nd International Conference on Unmanned Vehicle Systems-Oman (UVS),10.1109/UVS59630.2024.10467159,https://www.semanticscholar.org/paper/fe5fab7f940f3a25797e8fb6f616b0200c470acd,remote_id_broadcast_capacity,No open PDF URL was found by the metadata search.,User should download legally if institutional or personal access is available.,pending,2026-05-29T10:05:44+00:00
75b62fc41a7a,7588034bb3e5,Drone Remote Identification Protocol (DRIP) Architecture,S. Card; A. Wiethuechter; R. Moskowitz; A. Gurtov,2023,,10.17487/rfc9434,https://www.semanticscholar.org/paper/0dd4c565ac4e484e6dfe633971d8968a7dffe67a,remote_id_broadcast_capacity,No open PDF URL was found by the metadata search.,User should download legally if institutional or personal access is available.,pending,2026-05-29T10:05:44+00:00
d530b5017667,1aa7e37e168e,Drone Remote Identification Protocol (DRIP) Requirements and Terminology,S. Card; A. Wiethuechter; R. Moskowitz; A. Gurtov,2022,Request for Comments,10.17487/rfc9153,https://www.semanticscholar.org/paper/5aede7752dfbc6ff313a98b3f9f5e41476649eb6,remote_id_broadcast_capacity,No open PDF URL was found by the metadata search.,User should download legally if institutional or personal access is available.,pending,2026-05-29T10:05:44+00:00
b13accb0ef76,b107d3838210,Privacy-Aware Design and Analysis of Drone Remote Identification Systems,Hejun Huang; Yuxuan Fang; Billy Mazotti; Joseph Kim; Kaitlyn X. Fa; Max Z. Li,2024,IEEE transactions on intelligent transportation systems (Print),10.1109/TITS.2024.3456032,https://www.semanticscholar.org/paper/c3dc0e45c0f9508b9f4090a59137822a659a1252,remote_id_broadcast_capacity,No open PDF URL was found by the metadata search.,User should download legally if institutional or personal access is available.,pending,2026-05-29T10:05:44+00:00
7a8dd99d29d1,f93a6615a597,Drone Remote Identification Protocol (DRIP) Architecture,S. Card; A. Wiethuechter; R. Moskowitz; Shuai Zhao; A. Gurtov,2023,Request for Comments,,https://www.semanticscholar.org/paper/cbf1da5fbeeaed9f31d8455660a190b4ce5809a5,remote_id_broadcast_capacity,No open PDF URL was found by the metadata search.,User should download legally if institutional or personal access is available.,pending,2026-05-29T10:05:44+00:00
e0b8a7123e2f,2fd52ba1f168,Drone Remote Identification System Using Different Wireless COTS Radios: A Benchmarking Study,Govind Singh; Ravi Ashok Pashchapur; Anshul Pandey; Aravindaraja Puthiyavinayagam,2023,International Conference on Advanced Communication Technologies and Networking,10.1109/CommNet60167.2023.10365293,https://www.semanticscholar.org/paper/3a34c5f650c84e87ebe510ccd6dfc8652c3d5434,remote_id_broadcast_capacity,No open PDF URL was found by the metadata search.,User should download legally if institutional or personal access is available.,pending,2026-05-29T10:05:44+00:00
4754d37fa8d1,d88eefe2e697,Drone Remote Identification Protocol (DRIP) Requirements,A. Wiethuechter; S. Card; A. Gurtov; R. Moskowitz,2020,,,https://www.semanticscholar.org/paper/159131a8768d32d3f2cab5ae97b96d42c8906388,remote_id_broadcast_capacity,No open PDF URL was found by the metadata search.,User should download legally if institutional or personal access is available.,pending,2026-05-29T10:05:44+00:00
64d3125f55f4,7d97a856da96,Drone Remote Identification Protocol (DRIP) Architecture,A. Wiethuechter; S. Card; R. Moskowitz,2020,,,https://www.semanticscholar.org/paper/bfce4cdd70206e5090e861f1dd7e92faef18b5d0,remote_id_broadcast_capacity,No open PDF URL was found by the metadata search.,User should download legally if institutional or personal access is available.,pending,2026-05-29T10:05:44+00:00
84c80a8183b7,e5a487faf2f0,Secure Authentication for Remote Drone Identification using ASTM Standards,Amal Alhashmi; Kais Belwafi; Ashfaq Ahmed; Abdulhadi Shoufan,2025,International Conference on Wireless Communications and Mobile Computing,10.1109/IWCMC65282.2025.11059727,https://www.semanticscholar.org/paper/706e21ca7edb232a6cd4330e8bed6acce0a10a7e,remote_id_broadcast_capacity,No open PDF URL was found by the metadata search.,User should download legally if institutional or personal access is available.,pending,2026-05-29T10:05:44+00:00
