item_id,item_type,topic,title,reason,recommended_action,status,source_path,added_at
f3c63e913697,paper_candidate,remote_id_broadcast_capacity,Use of LoRa for UAV Remote ID with Multi-User Interference and Different Spreading Factors,unknown venue tier,Audit venue quality before synthesis.,pending,literature/database/paper_candidates.csv,2026-05-28T08:30:28+00:00
cca6eb589a23,paper_candidate,remote_id_broadcast_capacity,Use of LoRa for UAV Remote ID with Multi-User Interference and Different Spreading Factors,PDF requires user access,Download legally if institutional or personal access is available.,pending,literature/database/paper_candidates.csv,2026-05-28T08:30:28+00:00
f7a29e3e79d5,paper_candidate,remote_id_broadcast_capacity,Reducing safe UAV separation distances with U2U communication and new Remote ID formats,unknown venue tier,Audit venue quality before synthesis.,pending,literature/database/paper_candidates.csv,2026-05-28T08:30:28+00:00
376e12cebc38,paper_candidate,remote_id_broadcast_capacity,Reducing safe UAV separation distances with U2U communication and new Remote ID formats,PDF requires user access,Download legally if institutional or personal access is available.,pending,literature/database/paper_candidates.csv,2026-05-28T08:30:28+00:00
5465001c0879,paper_candidate,remote_id_broadcast_capacity,A Survey and Categorization of Small Low-Cost Unmanned Aerial Vehicle System Identification,PDF requires user access,Download legally if institutional or personal access is available.,pending,literature/database/paper_candidates.csv,2026-05-28T08:30:28+00:00
860c27c52d53,paper_candidate,remote_id_broadcast_capacity,Drone Remote Identification Protocol (DRIP) Architecture,unknown venue tier,Audit venue quality before synthesis.,pending,literature/database/paper_candidates.csv,2026-05-28T08:30:28+00:00
11b27a2c9d92,paper_candidate,remote_id_broadcast_capacity,Drone Remote Identification Protocol (DRIP) Architecture,PDF requires user access,Download legally if institutional or personal access is available.,pending,literature/database/paper_candidates.csv,2026-05-28T08:30:28+00:00
68acec0872c3,paper_candidate,remote_id_broadcast_capacity,Drone Remote Identification Protocol (DRIP) Requirements and Terminology,unknown venue tier,Audit venue quality before synthesis.,pending,literature/database/paper_candidates.csv,2026-05-28T08:30:28+00:00
698303b3aaf3,paper_candidate,remote_id_broadcast_capacity,Drone Remote Identification Protocol (DRIP) Requirements and Terminology,PDF requires user access,Download legally if institutional or personal access is available.,pending,literature/database/paper_candidates.csv,2026-05-28T08:30:28+00:00
94160e5627bc,paper_candidate,remote_id_broadcast_capacity,Drone Remote Identification Protocol (DRIP) Requirements,unknown venue tier,Audit venue quality before synthesis.,pending,literature/database/paper_candidates.csv,2026-05-28T08:30:28+00:00
a9eb9774d198,paper_candidate,remote_id_broadcast_capacity,Drone Remote Identification Protocol (DRIP) Requirements,PDF requires user access,Download legally if institutional or personal access is available.,pending,literature/database/paper_candidates.csv,2026-05-28T08:30:28+00:00
61b3cbcfa466,paper_candidate,remote_id_broadcast_capacity,Formal Verification and Security Assessment of the Drone Remote Identification Protocol,unknown venue tier,Audit venue quality before synthesis.,pending,literature/database/paper_candidates.csv,2026-05-28T08:30:28+00:00
e40c1558fa90,paper_candidate,remote_id_broadcast_capacity,Formal Verification and Security Assessment of the Drone Remote Identification Protocol,PDF requires user access,Download legally if institutional or personal access is available.,pending,literature/database/paper_candidates.csv,2026-05-28T08:30:28+00:00
a56d2997cc6f,paper_candidate,remote_id_broadcast_capacity,Survey on Worldwide Implementation of Remote Identification and Discussion on Drone Identification in China,PDF requires user access,Download legally if institutional or personal access is available.,pending,literature/database/paper_candidates.csv,2026-05-28T08:30:28+00:00
46618fd804c2,paper_candidate,remote_id_broadcast_capacity,A Low-Power Remote Identification Module for Drones,unknown venue tier,Audit venue quality before synthesis.,pending,literature/database/paper_candidates.csv,2026-05-28T08:30:28+00:00
2d32a9c738aa,paper_candidate,remote_id_broadcast_capacity,A Low-Power Remote Identification Module for Drones,PDF requires user access,Download legally if institutional or personal access is available.,pending,literature/database/paper_candidates.csv,2026-05-28T08:30:28+00:00
3716757e7fa5,paper_candidate,remote_id_broadcast_capacity,Detect and Avoid (DAA) with Broadcast Remote ID (RID),PDF requires user access,Download legally if institutional or personal access is available.,pending,literature/database/paper_candidates.csv,2026-05-28T08:30:28+00:00
24891b9ad0c3,paper_candidate,remote_id_broadcast_capacity,Low Altitude Situational Awareness Enhancement using Remote ID Broadcasted from small UAS,PDF requires user access,Download legally if institutional or personal access is available.,pending,literature/database/paper_candidates.csv,2026-05-28T08:30:28+00:00
684f7aa5b8b3,paper_candidate,remote_id_broadcast_capacity,Detect and Avoid (DAA) with Broadcast Remote ID (RID),unknown venue tier,Audit venue quality before synthesis.,pending,literature/database/paper_candidates.csv,2026-05-28T08:30:28+00:00
f4db425ebc03,paper_candidate,remote_id_broadcast_capacity,Optimized Link State Routing Protocol (OLSR),unknown venue tier,Audit venue quality before synthesis.,pending,literature/database/paper_candidates.csv,2026-05-28T08:30:28+00:00
d888b4114491,paper_candidate,remote_id_broadcast_capacity,Trustworthy Device Identifiers For Unmanned Aircraft and Other Mobile Things,unknown venue tier,Audit venue quality before synthesis.,pending,literature/database/paper_candidates.csv,2026-05-28T08:30:28+00:00
c29f83c42698,paper_candidate,remote_id_broadcast_capacity,Trustworthy Device Identifiers For Unmanned Aircraft and Other Mobile Things,PDF requires user access,Download legally if institutional or personal access is available.,pending,literature/database/paper_candidates.csv,2026-05-28T08:30:28+00:00
c508544fdae0,paper_candidate,remote_id_broadcast_capacity,Real-Time UAV Trajectory Prediction for UTM Surveillance Using Machine Learning,PDF requires user access,Download legally if institutional or personal access is available.,pending,literature/database/paper_candidates.csv,2026-05-28T08:30:28+00:00
3f311f1938f1,paper_candidate,remote_id_broadcast_capacity,Hyperledger fabric,unknown venue tier,Audit venue quality before synthesis.,pending,literature/database/paper_candidates.csv,2026-05-28T08:30:28+00:00
a90ef474fcdb,paper_candidate,remote_id_broadcast_capacity,GroupLens,unknown venue tier,Audit venue quality before synthesis.,pending,literature/database/paper_candidates.csv,2026-05-28T08:30:28+00:00
a741685884db,paper_candidate,remote_id_broadcast_capacity,Imaging Spectrometry for Earth Remote Sensing,PDF requires user access,Download legally if institutional or personal access is available.,pending,literature/database/paper_candidates.csv,2026-05-28T08:30:28+00:00
d865b08e4894,paper_candidate,remote_id_broadcast_capacity,Remote Agent: to boldly go where no AI system has gone before,PDF requires user access,Download legally if institutional or personal access is available.,pending,literature/database/paper_candidates.csv,2026-05-28T08:30:28+00:00
5df51288c455,paper_candidate,remote_id_broadcast_capacity,A Review of Methods for Diet Analysis in Piscivorous Marine Mammals,PDF requires user access,Download legally if institutional or personal access is available.,pending,literature/database/paper_candidates.csv,2026-05-28T08:30:28+00:00
